transaction_frequency,transaction_regularity,loan_amount,monthly_income,existing_loans,repayment_history,payment_consistency,default
43,0.76563805448734,4617,1413,0,0.9426591769666305,0.42815517303011985,0
33,0.6661457973383835,3402,394,2,0.08273403962367076,0.06142512925983268,1
19,0.5511813388864517,7957,1574,0,0.25393777192369615,0.22392458779658952,0
47,0.9140403785691757,9800,1003,0,0.7799883269105443,0.36327279639889953,0
12,0.5747115751958447,7970,1338,1,0.09873720688266585,0.4386475002460548,1
25,0.8716196076301039,5793,1073,1,0.07566110390411085,0.9774962582088932,0
43,0.6073944359991529,867,731,0,0.36154139875403857,0.8078656456839812,0
23,0.5638611005974352,2144,1690,2,0.09216795847243231,0.7374099443119462,1
27,0.6238758499687245,1649,1150,0,0.5850784422062031,0.5370413147419743,0
15,0.5109645119148994,6240,1753,0,0.22627525081659983,0.8399977606043434,0
15,0.8233265661233757,3816,832,2,0.8956979631993723,0.3393228356557111,1
28,0.6519042730647353,4581,1354,2,0.7835000808452567,0.7088991127733161,1
40,0.4625488866027721,7998,1688,2,0.6997052060994762,0.9937839753781721,1
44,0.9297022012921978,6648,1930,2,0.6169440273845019,0.3146289089351988,1
28,0.5687238549612479,2393,420,0,0.8634657303414633,0.6740175348839673,0
7,0.680487002779792,4937,1012,0,0.22306206154275687,0.8443148641523824,0
26,0.9345304776751828,7858,1356,1,0.8731088427642276,0.9158075833506722,0
6,0.7369665971397945,6893,1793,0,0.7894922984240523,0.7179326909401018,0
28,0.38182862849585486,7738,536,2,0.7481608263876856,0.28360792341713625,1
48,0.9578824865294326,8093,880,1,0.561255678074924,0.32628215156894647,1
34,0.7393956371499925,6107,1656,2,0.2462441609706001,0.02075803212396421,1
42,0.5344339302599602,5642,1526,0,0.42354791599189634,0.7608859776715097,0
6,0.39749045086437107,9192,1176,1,0.7935706545388016,0.042739606061951374,1
25,0.8558176324892071,6456,1910,2,0.031778484357324444,0.8646523546027457,1
37,0.7340509291499595,8533,1436,1,0.7820507692637583,0.1186606144745388,1
16,0.673422764383425,7480,1404,1,0.2400707404875665,0.17187651213592425,1
26,0.9257248081356704,2485,825,0,0.14430920072160303,0.4765264708322373,0
48,0.8520180478571715,4368,130,2,0.11570131818030216,0.7378804151687424,1
29,0.4061724158129258,771,436,1,0.027250011950815112,0.1390022051990777,1
31,0.5182054474568838,263,282,1,0.5235864852214529,0.44007107506649845,0
46,0.473942397870126,8756,1146,2,0.21825987269372948,0.4828512744101048,1
32,0.8207624048008739,4692,643,1,0.9894317657796315,0.21228564166859132,1
20,0.32347270431504554,4895,1569,1,0.5744367558722058,0.11555837668063174,1
19,0.6989227794099215,4898,1197,1,0.13788526935601042,0.8364209229856395,1
48,0.8337210800184833,6136,1133,2,0.6887625408113653,0.5024656497627655,1
7,0.9137359457332246,2455,1607,2,0.8977435665097253,0.014381235984152974,1
41,0.5394572241011352,5987,1579,2,0.7451794953696144,0.8029813013091038,1
11,0.8748801132704089,8061,1689,2,0.07643986103944767,0.9807938054145848,1
25,0.377442215868645,5927,1687,0,0.8958841811926596,0.6059261954142473,0
13,0.8925166042141628,8837,759,1,0.7939293858599648,0.5037083870840707,0
43,0.38924206363238767,4819,259,2,0.15830390010561435,0.8784158630449617,1
22,0.5781011033922571,693,1137,1,0.051785888732816865,0.9525167896845986,0
8,0.8581067560456874,4939,1301,1,0.5573105753143085,0.7545369159024605,1
29,0.40494219914414165,7494,511,0,0.1560358113399769,0.44545292973428785,0
18,0.460475976662849,9751,1111,2,0.834590952595272,0.5922213993314405,1
13,0.8055767978751465,3593,152,2,0.35833465667167375,0.7009353650179992,1
30,0.8040255755822521,6264,507,1,0.9128924447365754,0.19427357100180143,0
6,0.7488033430197081,2772,946,2,0.5656881721410058,0.44720103221643803,1
24,0.78576391112697,4300,1145,1,0.18267238423966814,0.829821264717285,1
32,0.6799071103433173,116,1153,1,0.1395988673598001,0.654725348498443,0
11,0.4762593412348669,3291,802,0,0.5764724375577539,0.4112040672118541,0
48,0.5419871954527435,492,359,0,0.7618836118624439,0.6633625340146814,0
12,0.4271184017609979,8716,1328,0,0.7815056477421821,0.11822241207245987,0
39,0.9359153929335398,6372,1182,1,0.2757574044412813,0.4014976105648763,1
18,0.7083742563362843,671,1594,2,0.20424675891216748,0.7931285379630564,1
21,0.5805959917345479,3731,875,0,0.016756304492382412,0.220508787136648,1
40,0.6234040625508929,6272,1589,2,0.6791991512011694,0.1859615075574177,1
44,0.9630983377282707,9412,1135,0,0.07656825843353898,0.9508186599164314,0
8,0.4073459821812561,7277,1754,0,0.4207612017659258,0.2098976295862307,1
6,0.710360882411758,8533,1413,1,0.6016821640182961,0.26091857965016807,1
10,0.6541220752191261,3997,949,0,0.937108944919677,0.969615938904338,0
46,0.7280179648042535,8223,1883,0,0.31180213695576864,0.7347085702650257,0
8,0.31267712867458836,2379,453,1,0.24977216244651979,0.6995965330235282,1
33,0.9104867362609059,9080,1762,2,0.6541601542860984,0.8529263838545813,1
22,0.9524827977385286,7551,1198,0,0.6192390320535817,0.11582308223679427,0
30,0.6955932285124462,9006,972,1,0.3321097833081246,0.7059562365800072,1
48,0.7876555767138245,875,1839,0,0.9281018355097865,0.5036886093282389,0
38,0.9457495668241069,6969,1684,1,0.8448623274896327,0.8291506402841399,0
14,0.795067044019379,2347,1714,2,0.22398254586508115,0.5081417186651943,1
40,0.40677733003998295,7188,1564,2,0.23914254543452318,0.6202413542689121,1
18,0.7034018521167692,178,1090,1,0.5123003468870806,0.47774212639953595,1
35,0.7247005324679991,8180,1364,1,0.7735721017307203,0.4781589235558441,1
19,0.5968914699116702,7199,1117,1,0.04404037938846439,0.7679699780618315,1
12,0.815510964937306,4026,1984,2,0.6933351537347067,0.6285664006472832,1
18,0.9540569103383103,9147,1277,0,0.648235897382097,0.6332632016094104,0
27,0.9478979590347434,7440,1909,2,0.23148009591298824,0.4502824838315258,1
44,0.6155875599828924,7183,1219,1,0.6813530132413488,0.5311094963375276,1
25,0.3792666320885287,6330,1849,1,0.9401831912520826,0.7457176662047873,1
20,0.9893888392736341,9323,393,2,0.04678584497176852,0.8259409191119182,1
49,0.8872286605121538,5040,308,1,0.31965205529206253,0.6965614021440462,1
22,0.3872638768422868,3371,1466,2,0.43817671666635527,0.9240729888456831,1
28,0.9445893178321605,3556,1211,1,0.8992603589246896,0.8203240881472009,0
30,0.9089274534434897,7888,917,0,0.9622614466091567,0.5618637898095185,0
29,0.6631866399882504,8699,1899,0,0.44411524649633227,0.6714060726437369,0
49,0.7138928050214504,7750,489,1,0.7500284121421912,0.926308276921196,1
45,0.5793018927090912,2811,424,2,0.531661023764483,0.6191680442430584,1
33,0.3383331471754219,1768,1039,0,0.5377829347413765,0.8248069479798307,0
19,0.5346380691521306,247,988,2,0.27809951506635644,0.6888105035899871,0
49,0.861997414018608,6520,1955,1,0.21695624586387952,0.5519363610604665,1
5,0.303242416103222,465,1280,2,0.28800534592404115,0.24183819541535312,1
29,0.5334494201838009,9966,767,0,0.5563280072570793,0.4259975194684281,0
11,0.5787180855136602,4631,1774,2,0.029155186022088997,0.9677428248337157,1
13,0.676176922056546,5430,732,2,0.9072489443564058,0.6577653832726,1
28,0.9438989314889323,5610,676,1,0.15628370954977622,0.5643953803389896,1
5,0.5424421960561728,8854,1742,1,0.22008867687138656,0.9329566255282273,1
48,0.5428672413273594,9064,1782,1,0.5182761764476463,0.5865117810374487,1
12,0.8162508736768239,6593,236,0,0.7101147663372793,0.526082518417403,0
28,0.616552558622865,5539,1797,0,0.0957290547443973,0.7593108551502052,0
15,0.45722337605798735,9865,527,1,0.3176946975471622,0.7126656189865445,1
21,0.6167076612928853,6611,1575,1,0.9686746055743571,0.19316000840843273,1
12,0.3985999142658599,7604,711,0,0.2623429667809457,0.47130827457412117,1
39,0.42347089055435627,1346,1973,0,0.3130501450631469,0.47251544281958524,0
39,0.6488574409176358,3939,1010,0,0.8364984906180335,0.37822451524334477,0
37,0.5932478146531834,8651,918,0,0.05021443169045525,0.5172934821522531,1
9,0.9403921307476699,2476,240,1,0.46461316880897086,0.4131073977271442,1
46,0.5536757293816432,3109,1206,0,0.37961676445167025,0.19934548947118313,0
43,0.7064118451946304,9254,276,1,0.31658675990865115,0.41236648727468106,1
45,0.7425850015436712,1927,297,2,0.2856995940447645,0.0722769475731766,1
32,0.30916611961183355,7079,723,2,0.0913741048604092,0.5757858627744116,1
11,0.7644761604116974,9905,1691,0,0.3148258293516488,0.8536545489411119,0
13,0.424625176808826,9932,790,2,0.04305240271566857,0.7252870843545552,1
12,0.9727492222286185,8669,1544,2,0.7809638636444353,0.36039404005411124,1
16,0.40406390942717907,4385,500,2,0.39822779395801167,0.08707120557730819,1
38,0.5902368866089166,7010,1821,0,0.4439038323199116,0.20214939922527075,1
37,0.3597447676550507,8661,570,0,0.8935945864501316,0.5454903404948357,0
27,0.9978119762921631,2296,317,2,0.6580549838612207,0.20705708338303286,1
28,0.6515365072318697,3847,1028,1,0.008059103342119789,0.5439731112849675,1
41,0.7167695121240306,8943,1951,2,0.943174822961285,0.23159902476389893,1
39,0.3469535341718992,6078,1852,0,0.23714446597771122,0.8489238694760728,0
48,0.8249723292794244,5707,731,0,0.10761418475985884,0.3972714728404597,0
44,0.44693391516691,869,1050,0,0.7681281783808822,0.24555062594449106,0
26,0.9286380026084995,880,1005,2,0.5004773158667182,0.8123261802470616,1
31,0.443597748337405,6403,274,1,0.43377056601801756,0.34283896480545073,1
39,0.43348140446456657,4083,122,0,0.24950307968274177,0.11148768783878193,1
5,0.3255847674936664,9603,1848,0,0.5474714898623186,0.5704094914036416,0
39,0.6304468615769994,8814,334,2,0.27438460520258745,0.5815642044379887,1
41,0.6953887932838314,621,1136,1,0.9015830052870676,0.7146956752357342,0
18,0.34599604759984665,9227,1224,2,0.2152044797331928,0.24021943320838557,1
7,0.8428693316865075,7669,1028,0,0.8843551504557535,0.4437713390922451,0
5,0.6173021843236193,5884,1659,1,0.559405425727357,0.28236791904265623,1
9,0.667073188529306,4683,1999,1,0.828488133895241,0.08095373611568812,1
30,0.6085339228567597,6046,622,0,0.712845995860955,0.8766138270158916,0
18,0.5805341426127282,5041,1908,1,0.6966951114367486,0.7288698044883412,0
43,0.6917482319157524,6367,1575,1,0.3243458076950557,0.3014630594588007,1
31,0.40866817215149875,7228,530,2,0.23389693147220347,0.5993729928719863,1
13,0.42734969134668976,2561,892,0,0.21088622768078813,0.20126378813447243,1
19,0.903249934709462,785,1729,0,0.8571916570595887,0.8902366217957709,0
19,0.9622808234935429,2260,1836,0,0.82042682025902,0.1149063433619103,0
30,0.5613165213958271,7131,632,0,0.4405735280123073,0.0038371455078008987,1
46,0.4895212712004876,9859,1975,0,0.1324046134964546,0.5020081977391821,0
17,0.7507996802673109,5441,1078,1,0.3822522519774584,0.5831278234528693,1
36,0.5861139197686674,138,1846,2,0.6193434541369114,0.5789653202958044,0
43,0.3177704489622414,4975,1775,0,0.45440315447995283,0.05451192743782629,0
36,0.40930681815633324,1356,1416,2,0.780189268482995,0.3140438069184325,1
8,0.8011805601931783,7797,909,2,0.9976228222513854,0.4991989468413318,1
34,0.761246759337106,2296,1012,1,0.19113208844889684,0.21657918562724088,1
41,0.31896719475243845,7265,1224,0,0.45965081965957244,0.8726258854858964,0
27,0.4553805133530646,401,1625,1,0.43098390192082203,0.08710928946143404,0
43,0.46175235761164996,7627,1427,0,0.30449253274895083,0.48738444167204287,0
49,0.7703249205191098,6481,970,1,0.19809551672028958,0.691416057513152,1
19,0.3137973764280549,746,639,2,0.06569211648965922,0.26175110013448244,1
47,0.3728760073892017,8889,1123,0,0.8871193172236984,0.6242407369975181,0
33,0.8599412597612326,8953,1676,2,0.4198486976863176,0.8293851501423746,1
40,0.4249812634380335,4430,1478,2,0.49689551850004887,0.19033697509504754,1
17,0.7569222754963123,9660,1426,1,0.9169420482009158,0.9172205918248628,1
36,0.46672794673270857,7103,1619,0,0.7762904775159478,0.553558532662358,0
11,0.3696089749315416,3637,1781,2,0.1305012641171842,0.29923200430106056,1
26,0.4702205336996178,4658,1891,1,0.5654199676077424,0.43085827538227073,1
32,0.8055868522989613,6679,326,0,0.4422522765195591,0.31219188378638796,0
6,0.8989875276743999,8574,1359,0,0.7972110725787628,0.7251111599333161,0
46,0.881153905196894,9778,972,2,0.7242325476119492,0.7963006634151322,1
49,0.5780284707329184,4182,991,0,0.690405721911072,0.832937392318661,0
10,0.7676595955994523,4283,1578,2,0.3405448354798969,0.9857682495857412,1
32,0.44348900679107467,8752,1136,0,0.8049637303992545,0.7912842924966835,0
32,0.5052034111827093,3854,309,1,0.05239129559486122,0.6013840706885634,1
48,0.9274350729647838,1824,840,2,0.15962490143216723,0.3392202983917838,1
48,0.3091013464575152,1476,496,2,0.3356232729779117,0.5445954487107494,1
24,0.35985597159812766,8806,1223,0,0.07680744106928128,0.04106817279040542,1
34,0.4455203786022191,8994,130,0,0.2349942775346916,0.7448250755299131,0
15,0.3185725427116738,1753,997,2,0.8301509829979181,0.4459555450921018,1
32,0.4270048045628581,2166,1651,0,0.9482515377900793,0.02002322973218762,0
29,0.7081290926787844,122,748,1,0.3046023557741905,0.06250694151041081,0
43,0.5949971854147486,2560,428,0,0.2645158039888382,0.38746646382175665,1
37,0.9248701977538822,6026,1289,1,0.2798926522464269,0.5834215190184351,1
5,0.8722104932169086,6351,1582,1,0.27771908735084383,0.4642039489521267,1
31,0.5392721461885132,9596,1945,1,0.03593018218597299,0.6192043172921549,1
17,0.4815964034019047,7395,1051,1,0.9269163463311081,0.4802942587913558,1
45,0.5657846857170867,3400,1223,1,0.2136981415703284,0.6617038454813468,1
7,0.7132064597603653,6379,720,0,0.42000407408140494,0.21912606467080087,0
43,0.48764454857601336,8653,1978,1,0.00968688274096774,0.11284318718362141,1
10,0.7369042354943938,7453,1296,0,0.8579550909150572,0.59643395462566,0
12,0.5865881565338682,3827,1872,1,0.7311573444549172,0.48468951693630746,1
31,0.686433026596386,6372,261,2,0.9467560351737032,0.026867654044935296,1
13,0.6052885703947217,6095,1851,1,0.7816154791963991,0.38048188549303585,1
41,0.5061260316793423,9576,875,2,0.31370651205206523,0.10612558549099549,1
37,0.9639173148735096,614,1386,1,0.24787335872842364,0.5313568317526952,0
46,0.8345240559118325,548,1927,1,0.697716307553293,0.39577767966043076,0
48,0.39807922303651677,6119,373,1,0.36411277501049943,0.6131519111030179,1
28,0.9079275831285389,5443,1126,2,0.5662150157526166,0.8056022187702383,1
19,0.6412018387746595,8133,1151,2,0.006257471026470229,0.2996686838414908,1
36,0.926186558825864,2620,425,1,0.06188570168047525,0.9621021041650275,1
36,0.8598986791631207,3181,1039,0,0.5353679411816512,0.5356345005875744,0
28,0.5976494531284634,1528,1272,1,0.5660716464481651,0.618290798754788,0
45,0.3157285158240822,4067,639,2,0.7514529444593436,0.680672373225737,1
16,0.4880741515694622,6545,587,1,0.13196531962396174,0.6667315298575898,1
43,0.6791439502626069,9214,921,2,0.5131830837567788,0.5109707430450621,1
6,0.743434753878303,2259,1561,2,0.1944476444316886,0.4287642911146835,1
7,0.4805213798032416,5232,1188,2,0.09319611956269469,0.053781964177377906,1
41,0.3975492518509769,2647,455,1,0.4104957940605546,0.02208584530117974,1
21,0.8844511657595093,3079,1656,2,0.16333664808905723,0.35796119453276465,1
6,0.9890815264924864,2749,1375,2,0.2217819781923186,0.33366089063369264,1
6,0.6679831276118801,8605,334,1,0.31755457986950175,0.38769515483900674,1
32,0.42017550009381244,3183,326,2,0.25938840074319625,0.13836820088819002,1
27,0.49061512856355827,1137,1648,1,0.0875912974059464,0.7381682705368436,0
41,0.3128734735832267,3589,1436,2,0.08991624485970229,0.856964414776239,1
36,0.9400091645923492,7704,148,0,0.19324941523416816,0.938714635374035,0
37,0.38242575802309875,7644,217,0,0.050559187959538954,0.49236230351962584,1
5,0.7035615328599775,2734,153,2,0.6264570196769271,0.7008656991254286,1
23,0.4918386544810442,4083,1773,0,0.28732671650890196,0.8555511234358725,0
6,0.6879246017610554,1878,664,1,0.279745967769071,0.41829111109348593,1
48,0.7559942718463049,8002,1167,0,0.33199829423776517,0.3094127948704444,0
30,0.8808192625950411,5210,1938,2,0.6627962742097216,0.9367245558534901,1
36,0.4444948902324222,5289,152,2,0.8706338814834905,0.5156765510770731,1
10,0.3076970800609363,7478,1709,1,0.7590869325556384,0.497253886590878,1
36,0.3958199410481651,1224,657,2,0.727529230225095,0.17841609656349577,1
8,0.9300130492936736,797,1648,1,0.48439118560084926,0.10815501457335674,0
15,0.9117230542937607,2279,1800,0,0.6938055569674118,0.8421068624835116,0
21,0.7181891715192158,9696,1225,0,0.5527623680335831,0.6141331761875181,1
42,0.7203618023035574,5351,1915,1,0.2162505281865289,0.3258245840194487,1
28,0.7655256721823788,9335,1893,1,0.20858836774105072,0.19173621739026647,1
9,0.4227598950364147,2029,1972,2,0.29639200687528344,0.5554972801696314,1
38,0.9400883621474718,1113,967,0,0.9108026709698133,0.5839192892611353,0
10,0.5931393674244512,326,497,1,0.5474148403797259,0.20699360124505817,0
26,0.5681969697746482,7421,1261,0,0.7339053770018694,0.8514057478914739,0
15,0.6632423936979863,1928,774,1,0.3465587598165476,0.08426436615585109,1
20,0.3328761767425385,8009,486,0,0.40771577066522524,0.3560930851664217,0
37,0.4163983581292556,5688,210,2,0.12556557863725137,0.6803844137625221,1
13,0.8166235314984593,2123,713,0,0.17129495782167037,0.2741203638192007,1
10,0.3579590675475885,5066,116,0,0.8273565548261456,0.8276751947812718,0
20,0.7222064766264717,5991,1903,0,0.5848386316888821,0.7398678266004035,0
33,0.47174437677692466,1180,1305,0,0.3375324658838189,0.7890228445481342,0
7,0.5725069298293836,5136,983,0,0.802851208995546,0.11910653587671627,0
24,0.50208561573949,2663,1659,2,0.24651990563798298,0.14054712799554292,1
40,0.5489709015254643,3392,640,1,0.9760326986002038,0.2864737377445836,0
23,0.8033321336289718,3686,270,0,0.34481760774616976,0.5180771651975611,0
30,0.5079852009362225,4531,508,2,0.3373109541512276,0.7480160766994024,1
7,0.696483248207828,6941,839,0,0.3119119055367052,0.8365308907609035,0
23,0.6332352815393698,6743,1501,0,0.12211151592428793,0.7043353159571805,0
24,0.7645698157538536,4059,1311,1,0.11113714733201241,0.9285968815306384,1
36,0.9557808175273306,261,957,0,0.6481050345341234,0.7387435096159303,0
11,0.8128004680471752,693,329,2,0.875118044558047,0.3062678870046147,1
45,0.4504582650135297,3490,1956,2,0.7905205102716735,0.2650812843385726,1
37,0.32182819454289924,6097,1975,1,0.1411075940213511,0.6961924503010899,1
44,0.48358483100987754,6454,218,0,0.5455821217920664,0.19287056868961427,0
43,0.7165545514901783,763,1279,2,0.10559154597664,0.09271481081026989,1
22,0.33599806943897526,9424,883,0,0.045294643613077445,0.5322228748561939,1
44,0.6474563730408653,641,1810,0,0.6563858593847672,0.8216415697789553,0
5,0.7177899942418224,5533,564,0,0.5351523336803503,0.10137984246986353,1
15,0.5339707235718726,5193,203,1,0.08202368521147085,0.7918913237957292,1
32,0.8396385426220754,967,1727,0,0.034939246405988444,0.8115720043515481,0
29,0.37461877719364023,8723,797,2,0.9897564134093346,0.48227400008154353,1
27,0.3525964472150661,5569,1918,0,0.030021332149071878,0.05731031001048681,1
35,0.8097321293425224,6356,1625,2,0.44452825305015964,0.1745898512471864,1
34,0.6468439213443389,9498,1816,0,0.5046190246076956,0.7074262751619323,0
46,0.7818816774994152,1269,1805,2,0.11728014780044504,0.7117779449909495,0
39,0.6043791370226224,930,1822,2,0.16906177843971626,0.8983552751676653,1
11,0.47248142326737474,1751,274,0,0.3518050064103525,0.5826861465545828,1
20,0.8733716223719397,1236,1857,0,0.7616758762136626,0.1241073677137774,0
30,0.8595911152782854,2910,844,2,0.5070824240602667,0.12141490550497214,1
6,0.7862875295980987,8767,1797,1,0.6379018745529615,0.7211323573568237,1
5,0.4905015960609739,9618,1544,0,0.9851745550906748,0.18378466510790115,0
16,0.713161466808361,1119,1257,1,0.7680054353132096,0.32838549961660535,0
9,0.5526817278580187,5337,1514,0,0.4343614981412177,0.4872120069219139,0
41,0.36410745132864386,1383,1859,0,0.44644192179654874,0.0247648775761512,0
36,0.9421195028235698,759,1624,0,0.618772077041005,0.24881902701993186,0
13,0.395773041643273,2110,764,0,0.6653652084189043,0.40788960850728007,0
45,0.9651661476745617,8690,132,1,0.5007109258366713,0.27963631849320625,1
39,0.6122040410705689,1833,154,0,0.6448612228149799,0.13637032746756583,0
23,0.42959305018703375,2225,618,2,0.02353249441409877,0.7280122577961974,1
20,0.6793306631648507,2271,855,2,0.4296228638968441,0.8131476551679849,1
7,0.9110620851134859,8366,1948,1,0.27893807607347676,0.25747897614372484,1
24,0.8125574204866928,3571,1761,0,0.1291744452431104,0.7744194946063033,0
28,0.8645928035030148,9128,111,2,0.09954651280877513,0.38555356440131383,1
37,0.7611483566975021,5724,1651,1,0.6031921656146675,0.5066857908540028,1
28,0.7845935951624967,8791,819,0,0.5236005471526117,0.8560010748931528,0
15,0.8944369560957235,8429,654,2,0.2535841169963692,0.7499536818024078,1
12,0.4747676062014301,2197,472,2,0.4709500587725145,0.8051168513161777,1
40,0.6425974745501983,5168,583,1,0.4922323151824083,0.13684516658635681,1
42,0.45484660927372156,6497,1072,0,0.1950089804386158,0.06971942583372948,1
44,0.9913676055976528,2857,1770,0,0.6520930618816506,0.8934047290879871,0
24,0.9608415377806292,4020,1351,2,0.7809193563860904,0.38783426957109435,1
39,0.3275987679579541,8286,722,2,0.791463540889519,0.28787967806968084,1
29,0.7939026207609818,2000,406,2,0.6024698307034551,0.7246962542618245,1
39,0.947673822190966,2710,556,0,0.5116385825190141,0.8364155965798566,0
29,0.4264027415891335,7000,259,1,0.06100714300539489,0.8624896218983009,1
33,0.6975616613868406,1549,430,1,0.28783129885160585,0.31599714112522737,1
22,0.9408418083116292,8838,875,0,0.0932714467781699,0.852212391201674,0
22,0.32376218501005916,5117,324,1,0.9638231608784736,0.04093394437434539,1
6,0.7881941870727879,8099,1082,2,0.1350801462257607,0.049661491459718876,1
39,0.5081443051607855,6152,828,1,0.15177540985110205,0.6235191951741544,1
20,0.9470773367635712,2196,1627,1,0.8895766183304922,0.06310636911554623,1
45,0.9797407716157573,8995,1579,1,0.9439282834764579,0.3246091685101615,0
40,0.9609865423794037,6504,1168,2,0.7658290392349099,0.672755986246924,1
37,0.6319499516602246,9917,1337,0,0.00540492367266987,0.33726689605422633,0
8,0.9034298556925193,3431,1182,2,0.0013462709565636999,0.17959978144009592,1
37,0.8911845789745492,7562,743,0,0.3781007697874508,0.28135062185384163,0
18,0.5233703312702789,5205,715,0,0.14339537001089253,0.4575753322504318,1
25,0.8802408319054742,3078,294,0,0.018386142151597284,0.4753858553554824,1
24,0.32590534430084483,2939,588,1,0.4640666894045047,0.783000231347202,1
12,0.7173889149374371,3484,256,1,0.9430618974069715,0.7501532294315125,0
11,0.4610061861013921,785,709,0,0.3238195749024314,0.4568178045561352,0
7,0.38439682004409514,7631,1349,0,0.6611406784286965,0.8456673490987714,0
21,0.3538672411404464,4383,511,1,0.6522353531324407,0.11423713859139584,0
37,0.7874021431146978,7836,1328,2,0.25108010366516775,0.2553533502289015,1
16,0.5379124746376462,7810,1202,0,0.6504252488238643,0.8279764635022515,0
26,0.807336740070133,1719,1247,2,0.21233397428689127,0.3779940386261531,1
26,0.34574943855925966,6968,570,1,0.12200741357688905,0.9811815587938422,0
34,0.5207032364814272,1531,1341,0,0.7013832855596901,0.4662532815278354,0
42,0.677643904662736,9167,615,2,0.11344081710391674,0.7919356229637641,1
42,0.8535062153872743,4813,1725,2,0.9969092185893553,0.40230704138237194,1
49,0.523126752052449,9657,1227,2,0.18345240115022932,0.4249535190624304,1
12,0.7381239635059063,9535,492,1,0.5941418627564575,0.3828831472841835,1
31,0.9201844237653309,5098,730,1,0.4113745714125894,0.7190756205108118,1
31,0.7311042317276132,262,1768,2,0.1263864224056671,0.5475178840599945,1
38,0.4630716323275436,2074,1947,2,0.027843907577413396,0.9437781113683691,1
25,0.3170805470895766,3391,707,1,0.6227322822928333,0.25089031653410476,1
34,0.9090692117306509,8561,1079,2,0.8067575637891261,0.10056273208344435,1
37,0.314888587595271,731,533,2,0.842015661506744,0.3932614850992152,1
32,0.9122911708789396,1005,1454,1,0.48271347307693446,0.616712707646776,0
37,0.6702559938190484,2114,1266,2,0.7774554671823856,0.860798936915495,1
9,0.9573473889590274,9933,1923,2,0.6728471334885447,0.34619688668032766,1
23,0.8591482650415658,7996,639,2,0.7242545274991332,0.6537867511244616,1
8,0.9985538773733362,304,377,1,0.4925990052218141,0.35019868102321905,0
39,0.5454982708161971,681,332,2,0.6334117402421271,0.6172195829944581,1
21,0.8370318022517889,5775,1652,1,0.805525913576057,0.8848079470306509,0
48,0.5813516395264695,9132,1694,1,0.39788417555702305,0.23135764225940902,1
32,0.6359129342127361,5447,1213,0,0.8059789008675837,0.40424164210703917,0
34,0.739253824252859,2743,1615,0,0.5920168427890629,0.9932651964297465,0
33,0.911573979930437,8117,1322,2,0.16590102437078624,0.8685570282494608,1
10,0.9888584284395066,2397,461,1,0.024684157224584613,0.564639857896202,1
39,0.8377913897051628,974,1564,0,0.36275360039915205,0.5166275918542753,0
45,0.5924367475171336,5660,125,2,0.5466963282963399,0.284600382304681,1
41,0.5949499015939491,789,1148,0,0.8398203522034884,0.5172094276935294,0
28,0.816307611112224,4100,1517,0,0.1274856801402462,0.8481814982799472,0
33,0.4671440020378116,9714,606,1,0.8002063476835791,0.6851745132777806,0
35,0.37733187919197625,771,1424,1,0.863009046067227,0.2900440281779866,0
39,0.5482355103485436,8027,1462,0,0.1506874870008338,0.20146392105353295,0
37,0.5010672941578572,1271,366,0,0.851594319304219,0.2652085369968291,1
25,0.507415684319193,5691,560,1,0.991453567842792,0.16975920139282652,1
36,0.46352542573493694,9235,1816,2,0.7268388310482375,0.09564069602371594,1
27,0.3294652327454533,6442,555,1,0.784769681824988,0.419136174442055,1
37,0.3125117543133897,1549,1483,0,0.9944152675588734,0.1132996043982677,0
7,0.9914056728152221,2639,1191,2,0.6054812505259454,0.17191255772710434,1
22,0.5994411936151036,4059,1106,0,0.3078863820162494,0.5473246843394861,0
29,0.5690286530117772,6385,962,2,0.8375308340760557,0.16459927369957472,1
46,0.7757530978851488,5532,1535,0,0.6144857775116312,0.06387976743090285,0
35,0.4527777215055449,4360,590,2,0.5811954237209566,0.3173888500278852,1
7,0.9649728287651578,2461,1956,2,0.25363555551403827,0.22031909862196752,1
44,0.8504415100908864,6264,1172,0,0.7563342695828866,0.5153051879943767,0
28,0.36258770161858167,3770,1810,2,0.08166727586009626,0.10236708458320931,1
36,0.5923065430494499,1853,663,1,0.9242870707946612,0.7517707876829781,0
26,0.9153828152935153,8200,1225,0,0.32582346077048474,0.9062335194351386,0
27,0.9613124156039872,2038,315,1,0.12777465278999045,0.7434351739561944,1
6,0.6271810578749089,8662,1561,0,0.4423665331024188,0.5328270374013943,0
31,0.7293879724474954,6076,1823,2,0.042469909256533156,0.8606678217888851,1
46,0.41692376226445266,6688,1692,2,0.6846261942649663,0.6949183797815075,1
6,0.9938180382958834,8716,658,2,0.9027055104453562,0.010551122450189854,1
30,0.4621701909684104,6404,258,0,0.8372630071385088,0.3940901527745031,0
21,0.959912241894588,7445,588,1,0.12736947344788108,0.8509518994068,1
44,0.7547526542946579,7975,785,1,0.12627113710773186,0.3458588579752693,1
37,0.7254157564152013,9186,1365,0,0.8134344823242641,0.0352151735255235,0
13,0.658881957711556,6733,893,0,0.9242542746031159,0.7461796385522723,0
47,0.46146886820243105,697,1876,1,0.46066982983348914,0.8020382702828686,0
43,0.42356962240385576,3162,104,1,0.49897111691376594,0.16059369504330856,1
33,0.45434034634912274,2436,1719,1,0.3182620413857259,0.5373404968431812,1
46,0.43050678350097815,9979,1943,1,0.894265118256414,0.19195543899572576,1
30,0.8457091314967273,672,460,0,0.6449029052923559,0.7192344190441468,0
39,0.545087681416711,7621,558,0,0.2882515771673685,0.27155045517748566,0
29,0.34048987359437743,6271,347,2,0.2987828710542516,0.31621512256333006,1
28,0.9783718410985678,7197,1689,1,0.8912000730636024,0.8449708536401014,1
17,0.9186501194743979,2190,1796,2,0.013634023905821469,0.47632235220690433,1
11,0.949426598236649,6666,1045,0,0.3227265727266384,0.6697544512182478,1
40,0.9964354758525047,4724,521,0,0.554356681216369,0.40237305072246765,0
49,0.4217266744536411,1733,1861,2,0.14821746209932463,0.2980068571937554,1
24,0.5773694132318611,1617,114,1,0.0920987541995898,0.6254780604246614,1
5,0.830766932992864,3748,835,1,0.81527633109056,0.15485757407882128,1
12,0.7872144326376544,1637,1696,1,0.8944043886485072,0.372999835566863,1
20,0.40772713443789854,3237,1245,1,0.8236064207981895,0.20903703738592228,1
18,0.8710831874934324,7085,376,2,0.8987878897373477,0.6957949669407455,1
16,0.45710840028566246,197,1681,2,0.5531119710583715,0.9442088383461076,0
27,0.4566723303758361,3850,552,0,0.8122581209903419,0.9955109680158664,0
19,0.6758820960253895,8635,1513,1,0.3840426383911004,0.45027681044159074,0
32,0.7150579543891922,8274,1417,1,0.6662678614790385,0.2525303896364445,1
38,0.7060603454864678,8203,1697,1,0.9888355313891645,0.44282937038432413,1
6,0.3640407861784284,5513,697,2,0.22572772383912743,0.8472694099627238,1
36,0.9142226038412662,4766,545,1,0.3898997462910806,0.20600567855203988,1
27,0.48592002981209426,710,309,2,0.4800473773100856,0.9520956516529238,1
26,0.3906604448979629,1827,1713,1,0.13801548702005173,0.341865768798151,0
29,0.9221236559082839,1954,813,1,0.08103861046505678,0.9858036594503049,0
26,0.9689560487608273,5155,401,0,0.8297228663216244,0.8386088875339622,0
26,0.9034893320858153,2424,1346,1,0.9767943728275862,0.8085705341473903,0
46,0.8666612523074146,9469,1857,1,0.40472506382965867,0.3179046737732836,1
10,0.7586693864473152,9383,102,0,0.08764983619465327,0.008777211947929464,1
19,0.6856001594263974,5874,1089,2,0.06581176069057648,0.3821329088259878,1
47,0.3608907319379871,6619,1641,2,0.8913182063602987,0.30180936966269367,1
41,0.5859172491494891,1849,1216,1,0.46381424972767993,0.03739699040879729,1
37,0.5608819619086198,881,619,2,0.3200273165623919,0.5053652565059297,1
12,0.4818276486322283,7648,1551,1,0.4764612712393995,0.4030313112827366,0
48,0.8063940795820095,6923,592,0,0.31830409469234733,0.6345564677415247,1
48,0.6471130145551396,2205,1358,0,0.48903577530762,0.6211863221940832,0
9,0.3567323511353535,3967,719,1,0.8595563969179368,0.12074663589668011,1
43,0.4541282413648679,7293,1284,0,0.5923013710620957,0.9769655461266226,0
8,0.7782811345617171,5076,1844,0,0.6946537728101754,0.18693142944144692,0
10,0.3532916016432101,2213,1875,1,0.3646706762343366,0.44527402476470457,0
49,0.8958448398341381,5979,430,1,0.7385058785105187,0.4881175434337349,1
36,0.6466025689097821,4070,432,0,0.6666170848793723,0.8130627972141201,0
34,0.6364106041286536,9359,149,2,0.11956199775205645,0.09922959609464677,1
39,0.7146854492616623,7364,1646,2,0.5726428531155846,0.42864427920853176,1
44,0.8772766761476043,1677,962,1,0.256743496309758,0.6285021702362039,1
20,0.5434664455315351,9303,1791,1,0.8040956696335928,0.21515562162405555,1
17,0.7746113067913445,2374,1615,2,0.42593770846693946,0.6274678987660728,1
46,0.6960123747970537,4969,1705,0,0.9946841651964872,0.9236648375496527,0
34,0.4869197891185949,6844,1804,2,0.09250043793896379,0.997518131172675,1
23,0.9150409904486105,2526,371,2,0.7803478627401585,0.032451076790675715,1
21,0.8581982151248497,5646,679,2,0.6737017335421565,0.2355882282446775,1
23,0.7609162842608979,6952,1990,2,0.7674988305907054,0.31030711579169745,1
32,0.8954072103659694,2651,1375,1,0.30752979549045634,0.3991261004449661,0
30,0.9071059406718616,6511,659,1,0.4920544893824006,0.2422571575847674,1
41,0.7958540837005244,107,795,0,0.7965085197237084,0.20348799455531252,0
30,0.8859093298545704,8187,1955,0,0.232541331620855,0.9545538424175,0
27,0.7882300231684984,2655,1822,0,0.22603319678865208,0.9185216027705179,0
13,0.7760985402322103,575,1213,0,0.5510509532949324,0.04699250100311747,0
16,0.733027964750629,5516,545,2,0.5235635795298558,0.33881302160484816,1
5,0.8269016476903488,8776,1116,1,0.28226247041293284,0.40514855367840663,1
5,0.4110235737051516,7339,1455,1,0.29807565052482277,0.23901453466594336,1
38,0.91660953143925,6810,1262,0,0.2778451632065655,0.6288728969881755,0
36,0.9102904694216623,5100,456,0,0.7715120619984877,0.640380746644241,0
29,0.3204730981241914,4754,1724,2,0.6519008655624606,0.8505042283285971,1
44,0.8780717253953338,8178,373,2,0.8324171834102527,0.7408692683852178,1
49,0.3902089072314116,6163,1142,0,0.9754730283140218,0.5425733269659556,0
5,0.5345831979813993,2385,410,1,0.4741642962719864,0.6535867700444199,1
20,0.8204557794041254,5323,969,1,0.06669388140544885,0.2739887815430181,1
43,0.4125319272338157,7071,985,1,0.04809231041203543,0.5930561899673576,1
9,0.8725769168833435,3625,253,0,0.29566503927161913,0.48922725474991924,1
26,0.8824939245704193,2922,1513,1,0.9325445893524509,0.1333444673163704,1
33,0.6552274136325853,5043,1383,2,0.5232130549708749,0.24254427658297073,1
7,0.3044701102017835,6630,719,2,0.27178651608012916,0.29169345072158603,1
16,0.500926693222439,358,982,0,0.39916679451101955,0.924309567052558,0
30,0.7318488428630194,382,896,2,0.5985951074046708,0.23038663938588944,1
20,0.9868303246191963,1998,1694,0,0.6529496581378422,0.28924390281966816,0
41,0.7422694689116678,4235,224,1,0.15391950978290503,0.3693541300894323,1
26,0.4818625067449118,6729,1477,1,0.977031676545176,0.663742738625387,0
33,0.7438039921697279,3300,1396,1,0.5447722269827888,0.11823839247214052,1
18,0.6779897658010988,5210,718,2,0.1356883177922793,0.9539452124937761,1
32,0.8458917766058005,7267,1934,0,0.8936352533461337,0.8655712200947645,0
9,0.3748864471788709,712,344,1,0.0746384310794288,0.5772160730089502,1
34,0.8327195317514196,787,947,0,0.9077354331775127,0.6740378674249567,0
9,0.6788866050732771,3790,549,1,0.9965656562889824,0.01666047124421599,1
16,0.9740944027012961,8904,1029,2,0.7004317991565039,0.3389447753484487,1
20,0.5393105162270803,2407,1370,2,0.7704472210739898,0.795660230661442,1
30,0.7428353251937636,7233,619,0,0.3373028364674864,0.07748297379238589,1
30,0.9524196738570121,6609,1264,2,0.9415768527339338,0.2823138342107202,1
25,0.37175680959347546,6006,461,2,0.5297139661083676,0.5852968283343113,1
43,0.9560599410655157,2691,107,0,0.7323884465975549,0.2564130276989418,0
40,0.7815200056105693,7283,577,1,0.9241077159112795,0.9339779741445192,0
37,0.3474859413736203,5348,1475,2,0.9751799759755083,0.13105863080429037,1
34,0.5106744968627713,8866,594,0,0.8332043565966744,0.7973943579077786,0
41,0.7957204620516971,5208,1729,2,0.30301750698203,0.5079486919064082,1
27,0.34714542102814017,3704,932,2,0.9665475165520824,0.750330775819956,1
14,0.7075193221233913,769,1550,2,0.6281195312435718,0.31071532831144744,1
9,0.5421181398670697,4464,1162,2,0.9306424763519598,0.5144896023120388,1
40,0.7346408624372339,7429,692,0,0.6761050258143518,0.8568353497231763,0
38,0.332019423668759,1383,286,0,0.3072389618477205,0.4668780991231044,0
35,0.9100757643066633,1023,1719,0,0.37002452414281595,0.3597198619102696,0
14,0.9814422784241779,1225,1723,2,0.5504717771029405,0.5361553862527361,1
23,0.9782144986999839,1629,853,2,0.790014841559882,0.7173627530363669,1
36,0.8247562822200472,9886,1977,2,0.31798255134033493,0.44356334549850274,1
5,0.39106036809144235,8538,192,0,0.5797311661341921,0.938876975142273,0
9,0.8307842371503158,3811,185,2,0.34562499357640153,0.29494582404234204,1
49,0.317210841521161,8104,1167,1,0.8157694046351072,0.4754636061691204,1
8,0.31548648607029806,9852,236,2,0.46672809376795044,0.7569276593414415,1
20,0.5265271534046788,6374,520,1,0.07672282685288523,0.6891210904957582,1
28,0.642050233283266,3964,173,2,0.16605252148153637,0.8636410524171562,1
20,0.8392851924654552,7933,1671,0,0.06110466761963229,0.9968091806811089,0
6,0.7783067636245535,6888,1736,2,0.49930294601432523,0.42685832879508956,1
32,0.6121318944637237,326,1635,1,0.10633729734822717,0.11115087978331184,0
36,0.4915386663971661,364,1279,1,0.1141399693096321,0.030415880807967977,1
31,0.9979871501103978,9687,1378,2,0.941048260038377,0.7268769061397716,0
24,0.598326911565181,745,270,1,0.8726550721760554,0.8740136713087157,1
28,0.6159709170307728,7644,1851,1,0.452086596811366,0.22071258594441867,1
16,0.4145366748341684,5669,269,0,0.9858053208502058,0.15844803718990597,0
39,0.8563666841249504,3090,1887,2,0.0001865281706631139,0.06220509152569098,1
37,0.785577558047042,2604,971,2,0.6139794562733938,0.8227029217172064,1
37,0.45453872895213226,9446,421,2,0.6164281773718701,0.31138193989258434,1
47,0.3576667319310899,687,1690,1,0.4574430558698882,0.4016968927597765,0
41,0.7763495114522991,9277,555,2,0.39694797293429285,0.5027501916096123,1
16,0.7581578499967947,4179,1043,2,0.4553831354806076,0.8394532342095508,1
7,0.49128166889874647,3448,1726,0,0.4149604360796805,0.6508332215614849,0
5,0.9656044935752872,6399,889,0,0.7304924774822994,0.6150646298578113,0
37,0.40574052424663015,3931,712,0,0.13535543497328406,0.1756720999559107,0
44,0.6026343607298212,9533,1278,1,0.19763922059113015,0.5131898917098298,1
14,0.9605311441173192,8481,988,2,0.1805182283924236,0.7153810171786552,1
47,0.5938091218482856,9272,448,0,0.26247058512126453,0.9732608830304917,0
48,0.7469681633648598,9990,1574,0,0.5252584187815833,0.20140630921335223,0
33,0.578316078573956,1815,1999,0,0.11120874733821873,0.009543353067226645,0
17,0.491950641644069,6550,1776,2,0.8681692953265041,0.07530143359846975,1
16,0.9887843535718797,5533,1296,2,0.2973615313084723,0.37585246518197923,1
35,0.5865338044205302,1198,109,2,0.16253798746870785,0.8205446477459871,1
6,0.9258694425753939,7196,839,1,0.6756213095982433,0.0071420817682450455,1
39,0.4609682241237603,2426,1388,1,0.03808630059931928,0.4567305928858403,1
27,0.4491732928175583,9187,1561,0,0.6199685648741642,0.32923061534139453,0
21,0.32179385801915794,6516,1883,2,0.6981984306764998,0.052481710099727574,1
30,0.7561667777631195,7080,1370,0,0.21491653138671918,0.4502362866726173,0
12,0.5579684406066328,6863,766,2,0.04196407344363429,0.25474870733671884,1
33,0.9050507748877459,1774,645,2,0.3636453589194496,0.35188483434700646,1
30,0.63124693468409,8050,1622,2,0.09859423024193648,0.705615304784293,1
14,0.9777353995403051,9222,228,1,0.11647784967333707,0.5215509839109671,1
30,0.42986786099218477,9015,1795,1,0.25426123144486457,0.12464742899281334,1
38,0.9080362175689276,6149,700,2,0.2954679246267593,0.961414540423639,1
45,0.8436177969542191,1189,704,0,0.5299703410214206,0.6359107657097384,0
11,0.8396452912508363,4678,426,2,0.6783918855030131,0.7658684256625315,1
8,0.8913482596818214,9227,1876,2,0.5927709408701848,0.07921315000837081,1
49,0.8327167936600992,255,1958,0,0.1483603372895168,0.047058379460018895,0
15,0.7383542251419908,9362,1079,2,0.17208603245262644,0.01944805036808117,1
33,0.39187141437767126,2058,503,0,0.8787692497929145,0.18879402777344445,0
40,0.3227683256438763,6444,728,1,0.5583523150641136,0.41440839771849514,1
29,0.9445934934709808,5879,1729,1,0.869937832897689,0.9358261334028228,1
25,0.7316552201645166,6244,1798,0,0.3715465113198744,0.4570596592657763,0
40,0.8575761036833234,5163,1734,1,0.6144000074313238,0.2902551053725294,1
14,0.637065646058785,3930,1748,1,0.5236634160546108,0.5619352535196633,1
41,0.3821157322736761,9146,1482,0,0.31912348982046257,0.11193457813478924,0
13,0.3876300545417853,8931,1726,1,0.46991537203359535,0.6095058910049832,1
28,0.7798957010602798,9894,1981,2,0.502490876826932,0.5684319543305033,1
39,0.6012141264296238,6759,817,2,0.2007709747566786,0.7919930334057097,1
39,0.44036730869023566,541,1140,0,0.3150103723767316,0.9866876116170241,0
40,0.6441161827190058,6140,373,1,0.7914097505069756,0.2508734717161105,1
22,0.34494625595259387,6025,784,2,0.9157882394541271,0.5096564508037607,1
43,0.7073799813400792,7458,215,2,0.35979409354529945,0.9088654063190036,1
36,0.4882953831045683,4728,960,1,0.3069722822090182,0.7851898844228413,1
28,0.8582913704460318,6470,792,1,0.19519716457188252,0.48740630310080757,1
27,0.5172533712465016,9628,1214,2,0.6784911686505812,0.9453716496147778,1
36,0.6186541043572609,1048,1205,2,0.3230997016663373,0.05723669351680938,1
41,0.30813437793567044,8279,423,0,0.9877495390991885,0.930998619712584,0
16,0.3507128214561912,6215,1060,0,0.3256848020639532,0.05050739238280655,1
17,0.5747454894846793,559,213,2,0.39413604678262815,0.5473047441146843,1
27,0.6359571843019864,7668,1892,0,0.6033341962120348,0.8904409480010858,0
29,0.7200143836835126,4746,1181,2,0.801684293191305,0.2627209435613028,1
39,0.5041638050965123,492,253,2,0.4695186653456337,0.4722484989451585,1
45,0.7864873202885798,1887,1527,0,0.42265603378895833,0.3243288791369666,1
34,0.9020856780324431,7474,1751,0,0.9956378335948083,0.9521439170763514,0
21,0.8458956922253449,1238,1978,1,0.010493641139944443,0.8236455947530908,0
24,0.32773317774384997,4841,1389,1,0.8950652888512458,0.7090015113263796,1
29,0.6363548630804803,7518,414,1,0.14914082593973743,0.5876269866151087,1
26,0.37345112489272236,6462,1838,2,0.7859252762089134,0.8205917893241481,1
17,0.46943151110376924,2554,1164,0,0.617931559846298,0.3922670415235471,0
23,0.9906638152870024,9758,204,2,0.34184728549809207,0.4475518551060619,1
40,0.39974688003105924,3774,1316,0,0.8738749555210183,0.7300017210808615,0
16,0.6492217074159492,1477,1524,2,0.012907227980991975,0.35775476329371425,1
45,0.7327090140226833,6801,1401,1,0.22669065207492367,0.06390094204837382,1
23,0.7917254793808728,2697,453,1,0.566892796249536,0.07433460888607146,1
16,0.6917540784408398,241,1115,1,0.351542260049698,0.11536280130570387,0
13,0.3068395931934286,2759,1872,2,0.6103774953183276,0.8696813233436628,1
11,0.5285229157707942,4696,832,0,0.024110193408666825,0.4722264257562043,0
32,0.6623981503692979,9131,1703,0,0.11645893048171252,0.7128823693447365,0
18,0.3615065494013833,5761,808,1,0.12709624021843924,0.3929093356048933,1
35,0.5454388518464265,6242,1379,1,0.18928364591600944,0.2587109474156345,1
23,0.32324217615395656,5726,750,1,0.4593314408005428,0.34719216756221194,1
20,0.3550049480085145,8887,923,1,0.7521286995435712,0.7941823453171836,0
9,0.5778462933411173,8572,1046,0,0.9055388379289011,0.6252161250314382,0
39,0.39290102783014225,523,760,2,0.8353725302842461,0.937639779957902,1
16,0.6972785937830906,7099,198,2,0.19688787177568357,0.679704778576834,1
29,0.782625478396086,4349,687,2,0.4411505522306324,0.5701816317546939,1
25,0.8604106893763579,1850,381,2,0.199411597758535,0.6101960089858345,1
40,0.44010517097136703,4857,502,1,0.2644718166671908,0.9423714394684146,1
27,0.4172378075813488,2067,1232,1,0.5035469815118861,0.7882009298667061,0
20,0.37319748823408017,4188,799,1,0.06810902472352254,0.024041237366437818,1
43,0.7455011746805457,4278,298,2,0.2181743295932732,0.5341396961356972,1
49,0.7945330085408308,7889,1426,1,0.9353781613071173,0.6883384115465648,0
46,0.32211030137794944,3046,426,1,0.466116292658489,0.748698478439155,0
43,0.9553485723705828,9741,253,0,0.4453865259778722,0.21314211931393667,0
18,0.3363798985560307,5494,651,0,0.014567154751278899,0.8671773544513522,1
35,0.6789074347107493,7980,1768,1,0.24739974705834578,0.9558431471751637,1
9,0.7963423636156415,5175,504,0,0.8662924359821813,0.23671530584486977,0
39,0.90967838662226,7330,561,0,0.16462842825866875,0.8826154575172458,0
27,0.7998608524926993,1631,231,1,0.41512493953472107,0.09697876251609538,1
33,0.8612096581488542,3090,890,1,0.014330905867001253,0.055706836115245184,1
47,0.5376151347799643,7255,973,1,0.47833548167055584,0.12922380010274936,1
15,0.8703775796225586,4593,183,1,0.021021106726217154,0.057741079467035994,1
22,0.3560803924692726,9435,1522,2,0.8196095530657999,0.8450122371557759,1
16,0.9263716592423692,1033,853,2,0.8248537674871036,0.05905014445827195,1
13,0.6833146633076153,1560,727,1,0.7877421883023699,0.2716641913636555,1
14,0.8721084389737455,2823,1232,0,0.2833640688911182,0.10375634353585639,1
48,0.61662279916281,385,320,1,0.8372372182218181,0.29542203631376496,0
21,0.7505043866375674,364,652,1,0.5429981326052693,0.09055946760092048,0
42,0.6684818626552792,6916,1491,0,0.37380810886700244,0.668003250743014,0
11,0.8121126652287323,1862,1270,2,0.625329959704233,0.13332681634257515,1
17,0.3571409874214127,140,211,1,0.012341046060374006,0.8518459258388879,0
44,0.34224645879339466,5927,714,1,0.14296087760075216,0.817191050726641,1
46,0.4729722638071025,8359,1681,2,0.7422935381702628,0.01366168547060942,1
13,0.41168127607923183,1087,1023,2,0.244161608716153,0.8957263555151146,1
31,0.9102484966145412,7904,1617,0,0.5980091173287496,0.02894431674336706,0
6,0.453449791150631,7889,1628,2,0.38510260282302966,0.23964578495755662,1
9,0.9831056790733919,5817,574,2,0.8548057787992615,0.03238913777599506,1
33,0.5358270542397747,3298,935,2,0.9524153059966436,0.335843487039316,1
41,0.4274825409820895,5474,370,0,0.8835647283701904,0.5138665257132716,0
42,0.8527889549997354,4890,520,2,0.27061999469359665,0.7966448690151381,1
23,0.7610954428506133,7283,806,2,0.19416286904608226,0.33798155046983613,1
12,0.6487370015171973,2624,1490,0,0.474434893620735,0.7054900246731167,0
49,0.6887544856563419,9377,1403,2,0.007334150836180275,0.18750445711898034,1
5,0.8034412447905845,2579,1406,2,0.025809392863181735,0.7505984567441264,1
26,0.4599183189319091,9985,139,0,0.5532906396230001,0.23599660590923754,1
21,0.9974337412397194,5254,288,1,0.520449404165286,0.14354475594376792,1
11,0.9823552135027482,878,1287,0,0.99458198903526,0.1854088503740543,0
29,0.7552279804428558,9877,1093,2,0.2018418353637581,0.18206312888185539,1
49,0.43967971565040154,1592,1659,2,0.2581039291604684,0.5128628793769912,1
8,0.7761597697019038,760,635,2,0.11354064232628669,0.8447975811881461,1
40,0.35053888628542307,1448,1127,0,0.9175430096537447,0.07960507699250563,0
10,0.3214567515440642,9591,1958,2,0.7778112444584507,0.7069563184934227,1
35,0.48037802195784957,7951,389,2,0.8223391114568475,0.6543464596528576,1
23,0.6238360697175214,7256,532,0,0.9027637879645087,0.8725199518293624,0
48,0.9077907537858663,2144,570,1,0.5248999867258383,0.24414756050690722,1
43,0.8090183488364155,7468,1304,1,0.4511931914507237,0.4501098586850296,1
31,0.8198945648399867,3616,1371,2,0.3303914736656165,0.9258273744435174,1
14,0.5978453341136527,9350,727,0,0.5892146143478555,0.6599934501353172,0
30,0.542154494782874,9268,378,2,0.4542783967898225,0.3887684128615969,1
23,0.5597271340892218,4677,976,0,0.4515655866055751,0.13141238285526846,0
43,0.9913546946152405,827,680,0,0.9369278637311389,0.26248500790059104,0
7,0.3280764339887377,7568,962,1,0.9840315142791302,0.5812154774893833,1
49,0.906922047285714,442,353,1,0.7964843893295808,0.7181679475605137,0
17,0.7050727860006754,1547,280,0,0.7567580902469283,0.12442188685189348,1
32,0.6070307934327133,6681,1953,2,0.6805581617791014,0.599597260044054,1
24,0.8076803622905955,6417,780,1,0.1660748523335137,0.550351278838751,1
32,0.640668258997292,626,924,2,0.059105820875654524,0.513955446690708,1
12,0.9113962666571624,6848,1632,1,0.6907263151132631,0.690123117682008,1
45,0.9304913048078809,505,1884,1,0.728786222256576,0.8374495950834618,0
43,0.5952046488114188,8086,799,2,0.046972991098139794,0.3229896831768684,1
5,0.49377945806453605,9865,665,1,0.9280517502288481,0.8890121901109594,1
7,0.7146452300153535,3840,1449,1,0.09114063944467754,0.1606336126185507,1
17,0.9386543419316837,1946,1480,2,0.2859005337712024,0.17302386975116435,1
32,0.44746353230396657,1578,1948,1,0.6723898127987045,0.2667720636239239,0
29,0.7360766084944379,871,1773,1,0.16987259440447633,0.11953086954707781,1
37,0.7420921540647644,5625,779,1,0.05541588844224443,0.23031922468287758,1
42,0.8131791156906967,8870,490,2,0.3311464891641498,0.1064117629028446,1
10,0.39209737958908186,293,1738,0,0.7659715748551791,0.8217524169853904,0
48,0.8010774752774619,2107,1208,2,0.41367867898526034,0.1389689918866246,1
49,0.9363227644659486,1285,1440,0,0.6529729219079393,0.7472975575598568,0
36,0.42577817620916936,2494,311,1,0.5796190972281366,0.04791386791333374,1
49,0.4662803274467143,9402,1638,0,0.02221848202558041,0.9485203275139151,1
25,0.9799765658291477,4105,483,2,0.9885399870457067,0.7111600875277662,0
20,0.42668386689664284,7529,1814,2,0.041428088819387754,0.006796548586111784,1
25,0.8980695653587054,2361,441,1,0.967802737648485,0.763856500200214,1
15,0.6445944995136244,3836,1938,0,0.5498641783643982,0.5140819207661853,0
41,0.4730617520822239,6816,943,1,0.9631590270650665,0.7793651703351198,1
40,0.909524930890758,4975,1161,1,0.11475359941383545,0.5224968088905885,0
39,0.6117136785018658,9021,1634,2,0.4904085191855132,0.6410248576353547,1
23,0.6603721477507831,4478,519,0,0.16950409186605864,0.7863316553950405,1
24,0.551463358579836,7915,850,0,0.05097487702244241,0.4051080545878567,1
22,0.7150655960044492,3551,1292,0,0.6175291150623116,0.002708149820452088,0
45,0.4144667108095159,7716,1466,0,0.20778342096169145,0.8499464959451885,0
18,0.5737570756562325,9936,1949,1,0.587697018287546,0.3808903626246626,1
19,0.9785886256347012,2900,405,1,0.11236448194898563,0.49604272601658306,1
35,0.48069340289078927,8433,1665,2,0.33198647143270277,0.007766642153968717,1
5,0.7597156651789045,5510,801,1,0.7816325580532472,0.492092010350098,1
7,0.5276330449572864,1555,968,1,0.43705152184218765,0.9864874015717295,1
20,0.8414311879806204,6992,636,2,0.6277454148973364,0.27826766081876964,1
27,0.39161156250284485,5908,1235,2,0.647457940745546,0.3954182702423781,1
15,0.9788747315549813,6896,1534,2,0.8437550439872936,0.6871899964686766,1
16,0.6176526789685475,4896,305,1,0.3249227944066413,0.8147936675236587,1
14,0.46523532434252474,5193,1308,1,0.6872955625825176,0.4173916240061003,1
36,0.35144772313100886,1425,1505,2,0.9616158070461657,0.30966887040129254,0
20,0.41883053356127853,5076,595,2,0.730243334357868,0.9378257999850671,1
12,0.6638417639892124,9505,1502,2,0.48987047671774453,0.6771449666716692,1
42,0.5359022235019004,1259,1170,1,0.6307174444919292,0.11902130449314108,0
16,0.8802183561178265,4750,1863,1,0.7396828977631081,0.06892787813464862,1
28,0.6016212665632641,5087,1674,0,0.6122757656938724,0.48354985079036905,0
32,0.4740999908113409,4797,1651,1,0.016675813489839153,0.22009006604727244,1
12,0.7320014906228209,440,603,1,0.19477349768722585,0.2539847533762535,1
32,0.794744051819812,3928,1145,1,0.810468217215466,0.8776921788278482,0
40,0.4169293355306649,2068,312,2,0.2726506473124847,0.08956602431631067,1
30,0.4173334514018223,803,409,1,0.7315621195611339,0.7153641152288897,1
12,0.3256699988534801,5582,760,2,0.3721202152416987,0.27114225338058806,1
32,0.8154814105459482,6476,852,0,0.5218843281579432,0.7603282214041377,0
32,0.7646631693352635,1900,371,0,0.0679732998194037,0.7224113844635446,0
41,0.6322416130248697,5563,1694,2,0.18122556104970955,0.007391901444293025,1
45,0.890919314278438,5012,1922,2,0.9571969635192346,0.5091354129215991,1
40,0.8639691070650373,4748,1037,2,0.890138053446914,0.13931948237804637,1
31,0.7097480550777264,955,1325,1,0.6522751108990502,0.8662270305786768,0
21,0.907789896359281,2966,131,0,0.4596445973857374,0.8715858828624066,0
13,0.44408884702573775,282,542,2,0.6757612928952238,0.41834580749375805,1
37,0.3783437335784095,3212,261,1,0.618610289093939,0.44439561845108055,1
24,0.4888247280618927,5770,866,0,0.5685522556046121,0.3032829394045271,1
17,0.3399607992625204,4592,353,1,0.05917707186354182,0.716606298960031,1
32,0.6718186696007225,5923,620,0,0.6328026106615069,0.3586613630264591,0
33,0.9556239846064729,1617,1076,1,0.7689200445711684,0.26779247452263377,1
17,0.32754047846795675,5102,1774,0,0.9940816546455755,0.43223105950450824,0
39,0.38547693980701875,1456,1603,0,0.011078552594309676,0.09148751838745872,0
10,0.6165393197984046,3729,109,1,0.7301734533106766,0.7466032046442038,1
22,0.9537125122695334,3728,825,2,0.5717893159359805,0.012596401271786961,1
9,0.5213092734837254,8310,604,0,0.4340521760809567,0.6444850615205939,0
29,0.6550643660818747,6232,884,2,0.12757017457137088,0.18286452675487241,1
6,0.3291010013352745,9424,1959,1,0.4090851486348762,0.23240404621441313,1
14,0.4038402406734622,6688,1683,2,0.3543771829861353,0.6356319986400399,1
34,0.9906410860711927,3411,535,2,0.3028298889787422,0.9929434657829072,1
49,0.9755830875052318,6148,1234,2,0.7308796233222077,0.7777174890725507,1
9,0.30345798665408674,6346,252,2,0.7007255212842638,0.22583963222339198,1
37,0.9662682497962671,1087,1758,2,0.5890200909809116,0.1760247550411338,1
5,0.7473839564708502,3421,1016,0,0.9386648132933723,0.8662328702676704,0
22,0.9075428061640154,4715,968,0,0.34985438418085446,0.4441839479215043,1
36,0.6183178989437013,8465,1225,0,0.24380193771017955,0.13705280282815546,1
15,0.6609172200054751,3841,852,1,0.6559033130983996,0.8622114233219381,0
25,0.6421926061798441,3152,1956,2,0.19881406093740295,0.8160923529142614,1
30,0.766804980282273,6674,1314,0,0.3150105071834246,0.9839063638971636,0
29,0.397755878329419,826,1852,1,0.22460244007488483,0.9097436867126839,0
26,0.32098151291087457,3860,662,0,0.06915356771850123,0.8517903386605417,0
31,0.5155509591138336,5906,1927,0,0.8274987416356734,0.05257439781100315,0
17,0.7932765339156527,1975,1204,2,0.2545405429216612,0.10441536949811803,1
37,0.4412974164860638,7093,588,1,0.4730275033430207,0.5689831943041228,1
38,0.7714027033274421,4133,994,2,0.04331527325431195,0.5314792462818209,1
45,0.9789384322750894,5543,1211,2,0.6993394662526431,0.4579632144895355,1
39,0.36573050105259286,1089,1317,0,0.3305610023062908,0.3967893254145842,0
5,0.7708214827575883,3844,203,2,0.74473672782921,0.4312104848643289,1
25,0.6106251535131998,8711,1906,1,0.4124030604678661,0.5692979341347952,1
10,0.9076995780642536,693,1219,2,0.19575560640562462,0.002076517600081207,1
32,0.4240048526131701,1874,1546,2,0.5131750822820359,0.2607087741328522,1
21,0.7848381665583151,1035,1321,2,0.1305045596374398,0.5182797206887111,1
9,0.8866807027536772,3908,1124,0,0.44053915987299475,0.7222160986736462,0
35,0.9612299536318163,431,1106,1,0.31730547742048654,0.17415669239539633,0
9,0.778273619802752,8022,506,0,0.9119595841996332,0.546881173787433,0
42,0.6480223348058991,2802,1501,0,0.06092872172071995,0.7144596838857817,0
7,0.7324930681408497,5989,266,0,0.694017414105742,0.4446276579139047,0
27,0.9082334891351027,5154,608,0,0.1827511659874359,0.02708113367005105,0
41,0.6994268226471807,3968,1761,0,0.31904507433223983,0.4492681584656367,1
41,0.3212709417877858,4300,412,1,0.41551406306206595,0.2964448877441531,1
14,0.9516640868548845,301,1716,2,0.9080150893749742,0.9296496077013283,1
14,0.7826687257220928,2597,1541,0,0.24257826607382516,0.12461338567832736,1
23,0.7735593700440725,1942,862,0,0.09130880254467022,0.6524759555072321,0
21,0.450972606678402,9201,780,1,0.3186896039905236,0.05271976633450115,1
25,0.76121982916286,4758,576,1,0.10467597053553335,0.4461704378126965,1
18,0.575705083957911,7644,172,2,0.1285964859605525,0.5539794872200806,1
13,0.7558630839290443,7818,1264,1,0.5738505979750267,0.29795493131686546,1
5,0.3746151212155935,870,681,2,0.06090193309949332,0.45507563552038444,1
49,0.7604917132221252,3255,361,0,0.030930881393566034,0.16355379453018737,0
17,0.9995896080394666,1728,1463,0,0.7144141014704978,0.30412384946803617,0
8,0.3337484272023892,486,1431,2,0.3616470948410445,0.621106324910203,1
5,0.9840219289549221,6131,344,1,0.12537534923387328,0.3018000558611551,1
44,0.5848355725060094,6539,1638,2,0.25361277085970824,0.8997430784088717,1
36,0.9095274152360813,6501,1460,1,0.642086507352399,0.6284069576409897,1
38,0.8476698388407913,4108,1698,0,0.2755365671408512,0.4386490184359845,0
32,0.6969113826906674,2566,660,1,0.4945211251204079,0.03875693555418247,1
35,0.8169144464759286,2382,1199,2,0.12169530672667228,0.49954833520467123,1
12,0.9149608929109434,1956,274,2,0.588093637605447,0.7647762421250892,1
43,0.5828982251557231,8080,208,0,0.31607768384326407,0.26555759801241363,1
30,0.528923213094267,2098,282,1,0.6269684345287165,0.8067735696487673,1
38,0.7673153698945092,5576,291,1,0.8083948823040229,0.2518067660508815,1
7,0.8654921593588809,9528,164,1,0.6116464193899924,0.8237463879508005,1
16,0.833599594343631,4769,1972,0,0.29574756259502066,0.0852683416116774,1
5,0.8584695542010441,9442,1062,1,0.2557437015483004,0.8661837088690295,1
48,0.6049083203690531,4418,1597,2,0.327420958733448,0.4991864509333305,1
9,0.8724839513225151,7164,1906,1,0.16462051323650484,0.296537589620262,1
34,0.3841463387594259,7546,1223,0,0.18117185085002008,0.26511325041514877,0
34,0.6811423685725946,1531,1667,1,0.7906911019001679,0.43201055893036266,0
21,0.3040310623486851,5724,963,1,0.38473257650744497,0.999049498103645,0
27,0.5272100809301892,7561,1251,2,0.43599518057058584,0.22032739343758256,1
19,0.5565230744099785,1919,1575,1,0.5940494655668112,0.10321664887899962,1
41,0.5773208841264788,1230,468,2,0.5896534951515476,0.5850351687186619,1
25,0.7868270446829035,6663,950,2,0.06737687152192573,0.4885424664402571,1
18,0.5719906708892419,2758,142,0,0.8315407863376656,0.5241962710633074,0
6,0.6140855358357714,3600,1542,2,0.17732655322393942,0.6669354175572171,1
15,0.46628089161202924,8666,587,2,0.7230716360496688,0.2671440698706493,1
43,0.5612762541405381,2220,177,0,0.7726709881281666,0.9106649953838885,0
42,0.459088739084206,4120,925,2,0.7148995340913137,0.43567206612229037,1
38,0.3512371466379105,3359,1924,0,0.5789776465541452,0.12908619514246178,0
42,0.7224140153669645,1923,1393,1,0.01460899710888286,0.7422987567339443,1
38,0.7677489589885114,1574,773,0,0.3603754923631707,0.6431043526178503,0
22,0.73364324220673,2342,800,2,0.6048394293625812,0.3157434024840371,1
34,0.6244458306604006,3343,858,0,0.3874512959225387,0.6215187240340485,0
19,0.5658500461254609,7090,827,2,0.8634798949128131,0.21986195636897687,1
31,0.9043335547002775,5260,1438,1,0.30880227534961535,0.44483935934052954,1
38,0.6633572495953526,3234,1024,0,0.29353479245866043,0.8994125221673253,0
42,0.6354273143408116,2170,1974,1,0.26599769309265797,0.13353423316074942,1
37,0.317949446064505,459,1001,2,0.3327808689607955,0.386696449987462,1
28,0.5388734793383094,1241,988,2,0.5574049643141872,0.8211424247203473,1
19,0.5661369331500998,1735,1092,1,0.7070152942725908,0.9694908994061782,0
34,0.5791759466278303,4100,1291,0,0.6625679177387851,0.4539261364217959,0
46,0.7061206584591326,3461,438,0,0.8077178199814796,0.5069996201433474,0
21,0.6735217827088149,6683,292,2,0.8859139954974249,0.5721719617837697,1
9,0.7255335649554112,7935,1576,1,0.8160790423433513,0.9323481416337108,0
33,0.8354182830794898,106,382,1,0.018945403374354575,0.8582067909770298,0
8,0.8690900171012654,3367,1459,0,0.7359179535519887,0.17060112462164434,1
14,0.8026861533585461,6664,489,0,0.2083995736183316,0.436757817847075,1
21,0.9688665871684543,9883,1099,0,0.13292804270798264,0.4640004281964263,0
14,0.3127628078734531,5028,624,1,0.6384887847991355,0.7890961116487567,1
21,0.4370445899784823,2706,1363,0,0.3197431954076949,0.6028928826054353,0
24,0.30529401248469945,6006,1955,0,0.05711716337044326,0.654220462029013,0
28,0.753232299908222,3373,1606,2,0.13762973439836135,0.9981999076656176,1
9,0.9286213842649909,7711,758,0,0.0009294168699610639,0.07496004347001306,1
38,0.47043760760340947,1013,815,0,0.9032236273447073,0.223009823533733,0
10,0.9489241813574145,2111,1715,1,0.02461798384123859,0.40789593737154684,0
6,0.3421871732026926,1542,990,1,0.20945576950951106,0.3477824030488872,1
17,0.9541052187638599,5646,1678,2,0.41626278068790734,0.02164556134698359,1
47,0.546135881067744,1929,1581,0,0.3565713259508191,0.09177760647117583,1
47,0.37099457991445156,8867,1212,2,0.9117258769127757,0.6809532914035762,1
15,0.6401102314304279,6568,1783,1,0.040288945734542114,0.8793244633625606,1
27,0.47974359740435557,1029,1218,2,0.5122147076770516,0.5142270112659776,0
20,0.49941103137334597,3799,551,1,0.680479462524374,0.539191079513633,1
35,0.5151029754484006,9755,527,2,0.9316979736811688,0.2550934328323794,1
15,0.8621181284828643,1154,1274,2,0.620371252123721,0.7678763636337114,0
20,0.6774128936726781,5844,1637,0,0.8037552360117627,0.7517945873672564,0
12,0.5179153894092026,2000,1499,2,0.0837249378453484,0.5883656892176566,1
8,0.7272336483176428,9749,1145,0,0.38593951093692735,0.21266428651134284,1
44,0.8013054719562354,7080,982,0,0.37394713447906747,0.09701821823708945,0
8,0.4908368005134736,7169,412,0,0.8862882164557176,0.06423857585712589,0
29,0.589484371067746,9691,939,0,0.15137117126327493,0.5926960666428778,0
7,0.3853202653358633,3515,618,2,0.15188617233663027,0.8250353191428,1
36,0.4268045446742762,542,1329,1,0.32855814988579846,0.8583304317809248,0
7,0.7767824977754879,6318,474,1,0.05446604736683758,0.4636220743434498,1
31,0.42700684338693884,4752,550,1,0.18245804065249005,0.7842712993067169,1
33,0.667614368566942,8039,1749,2,0.9652096385457352,0.9468801963410236,1
36,0.7963323832057028,7933,1907,0,0.42818393986717285,0.275170112488068,0
23,0.3748138461663207,9470,1114,1,0.6320192084224364,0.39796034638075717,1
25,0.6971185537402325,7697,694,2,0.7261112593446369,0.9314789925966807,1
9,0.4795939485909546,4558,1302,0,0.3669614070072005,0.33823096731728486,0
22,0.9740488126663058,6691,1333,1,0.14722707441051697,0.9138762903217963,1
32,0.6384819527039473,9549,599,0,0.20658101622178082,0.9810448622544657,0
46,0.8641947848426106,2409,563,1,0.31326647658061035,0.6618107285744247,1
26,0.6851585795093832,6368,1963,1,0.6360684203522257,0.8168902895041683,0
25,0.3303887729983734,1010,1247,1,0.3982805490890544,0.7495455642210852,0
10,0.7432059629158156,4440,212,0,0.006814697900128119,0.6995342576155238,0
5,0.9659823395446598,4109,1135,2,0.5234071850674719,0.30693107298123257,1
9,0.7211282741024319,6728,1249,0,0.9215133919074179,0.057094337907943715,0
45,0.873432201598753,2269,1688,1,0.812077611008679,0.3430517325196506,0
16,0.9189445243438854,2272,430,0,0.8252113712596311,0.6669359852039066,0
30,0.4596558403642527,5768,1406,2,0.7950580176061312,0.10252919822780138,1
38,0.44843138793575865,6413,239,0,0.32373082561042366,0.011917982978242092,0
18,0.7276866921956942,8415,1524,2,0.765193833754392,0.13969237260293865,1
30,0.5877199288646933,8136,1001,2,0.143161357811193,0.7157359264107953,1
49,0.8879029120067041,6889,1220,0,0.6577161472759535,0.972793701656444,0
31,0.9300161863786078,885,616,1,0.6415685666849944,0.9830646996148205,0
13,0.5473949655119026,6239,668,2,0.02556979908973467,0.4939791491401879,1
30,0.4658093912821374,6444,945,0,0.7879701335909316,0.8693523009923474,0
26,0.8463678606707032,2516,1192,2,0.9032481050951305,0.7368264557515041,1
34,0.49236422488369525,9088,217,1,0.26741527847210766,0.5010402369846034,1
47,0.8758300229595748,4254,987,0,0.8123907241861509,0.5727605329550868,0
21,0.596616777554134,5719,1182,0,0.0824059718619482,0.13722714661687108,1
30,0.7672849295040293,2036,1156,0,0.599967858261066,0.9376614606165921,0
40,0.3668747196842677,3907,1441,1,0.48564686533427714,0.3519297707317768,1
5,0.736701527273601,7251,149,2,0.545923533309,0.4461492564571695,1
12,0.6162373751160604,9593,1612,0,0.9262052018843451,0.6716602309978987,0
39,0.7106259242228319,3336,118,2,0.8713152472468535,0.33390247152655395,1
19,0.4176099454214044,2452,825,2,0.785083657239757,0.25425916098893053,1
26,0.8158116214609274,2032,296,1,0.273698457678371,0.6310493932702206,1
18,0.9039579542802598,8656,1573,0,0.9118186286860916,0.02498408228184945,1
30,0.4517178600635429,5016,658,2,0.09750769246387525,0.7207251120266789,1
32,0.3670001888641132,5598,1802,0,0.8533292165587878,0.5140233698765098,0
27,0.3165470102324355,1046,551,0,0.3281600723536078,0.6057537305209344,0
18,0.7493800503102861,9669,388,1,0.053772311661983374,0.6318801592468851,1
28,0.7249658252621465,1539,1264,0,0.6693569842407483,0.5270501564925637,0
6,0.6826881888998491,7830,1207,0,0.23127992831595545,0.582533777440736,0
49,0.46236296728118276,4957,1817,2,0.24357112586463192,0.6837882008898746,1
30,0.5736341971338602,440,490,1,0.3060471662287715,0.7531188471796741,0
18,0.7161334346303211,482,1714,0,0.06368476750251673,0.7274523912861205,0
11,0.6477368012014185,9848,314,2,0.17712714419825404,0.8696164577322617,1
7,0.991449864150421,8591,1649,1,0.005139627585560302,0.18944343316740275,1
27,0.3955078267897132,238,314,1,0.4454095211057868,0.40114796949179754,0
47,0.7866011878333157,458,1526,2,0.08425537741797129,0.9477960660144571,1
49,0.5830231376730044,5031,227,2,0.682652605044199,0.3965905743863297,1
22,0.5997397304479303,9814,1945,2,0.23562285119164839,0.12487007690592267,1
42,0.8023184359607234,3556,1600,2,0.9435741440351771,0.5254451263621795,1
39,0.7847053059270588,1727,859,2,0.8712516273986526,0.10949097255446216,1
19,0.9938791955915318,9595,503,0,0.28944089496820824,0.2028532387278652,1
29,0.38987600261788763,6726,1152,0,0.7832154546566787,0.9983187565709567,0
41,0.37287675456891645,5104,1915,1,0.8032449046648062,0.541362638396132,1
32,0.8070371719901188,9426,437,0,0.9865631141144104,0.284058389040429,0
14,0.7048708419044863,6752,930,0,0.597839986845685,0.9947749545739061,0
43,0.49191246659186405,6516,813,0,0.08196573464366219,0.9665589185551432,0
21,0.3555935582922906,3270,460,2,0.646837228926381,0.44073904108426354,1
43,0.3599607747175014,3935,668,1,0.6249797483760352,0.2604031087879084,1
26,0.9259336122648827,8117,1515,1,0.6383505774204318,0.83839963809219,0
30,0.43430712730312004,2251,317,1,0.3071456481042115,0.7156207169717858,0
48,0.5263600934808645,9529,1697,1,0.8596795850803329,0.6869414350035103,0
29,0.4586594815588916,7005,1792,0,0.9594721829554119,0.8931137413224726,0
21,0.5484974140823561,2934,301,0,0.21771251297815153,0.6894171338713246,0
17,0.34859668992226533,9290,116,2,0.08815215813664445,0.28379794304154915,1
24,0.6633418536357892,2667,421,1,0.19453503316848408,0.6938631618757323,1
29,0.3473287945145504,1407,617,0,0.8205521392557188,0.30581351128366396,0
8,0.8602495554756531,8948,1693,0,0.6766446348198475,0.759238979656995,0
14,0.4635984573373031,2760,1448,2,0.6360473423391266,0.619747854491566,1
7,0.6780083402231574,3830,1535,2,0.4017931351094245,0.07741155198475058,1
45,0.9160553612930207,6307,1441,2,0.5778279715114357,0.512835362435142,1
49,0.7556141583330358,3262,780,0,0.3078741252743674,0.34330096919574093,0
22,0.6730704505859346,1240,1205,0,0.4772000794179613,0.32857063273229425,0
40,0.5270336271807629,8558,1597,2,0.7930630283706559,0.6022563023772572,1
26,0.5331013391407385,1808,1591,1,0.9812415974554621,0.3223248244694249,0
38,0.768640868638733,3730,524,2,0.9324889235898018,0.7768937482048727,1
12,0.9958975528548173,3311,1854,2,0.9338659428462488,0.07079143601117444,1
44,0.7632874328945649,6638,1812,2,0.4022237348471124,0.6603882523958254,1
48,0.6904483921590174,9802,1327,2,0.46878988050679093,0.8091948036567412,1
23,0.8114553571674723,575,1706,0,0.7056353963689815,0.6728316899204301,0
46,0.6256439285986026,7784,1118,1,0.9221919280512842,0.49722919501999574,1
45,0.34209963982054964,9268,486,2,0.14199425935208465,0.9503070137361812,1
41,0.6936077711145368,1307,877,1,0.30424186382719576,0.2999384897980636,0
10,0.970337699153766,2060,197,1,0.13924684459410952,0.019167887524977778,1
30,0.42271205965036174,657,1468,1,0.6120085299594553,0.43198937146344085,0
38,0.783003423574466,982,1926,2,0.30630099688753754,0.03301193590032725,1
49,0.44065358206133953,4861,307,0,0.32610785251257346,0.9539367525264087,0
10,0.6750793791311569,5967,1637,2,0.07091595948797924,0.2099180457480515,1
41,0.3676735147527037,7063,1759,1,0.34979606180759193,0.7889270239488795,1
37,0.6152596553807296,7266,1915,1,0.8624965074015853,0.7745720831743649,1
26,0.8293143302266721,8029,685,0,0.23307281189083495,0.21772889968293352,0
25,0.5433000669672874,5447,265,2,0.6951874662100657,0.6212265304801673,1
10,0.7654382071410526,7369,121,1,0.6296283449385927,0.04807896848645021,1
10,0.8568149725528105,9902,253,0,0.8634846083691153,0.48357458570386747,0
8,0.9490244736356168,8225,1562,1,0.13228794765103824,0.014647127272486737,1
34,0.46424945729881745,2554,1418,0,0.9775899603450432,0.9211438801808418,0
15,0.5795211410665156,4594,318,0,0.5826286460403656,0.9760860241995717,0
34,0.4066912093312922,2046,768,2,0.9954741523468144,0.22228276663858526,1
35,0.9947384515108626,2908,1618,1,0.9115147258658508,0.20810603459637278,0
28,0.9489006775470066,6742,329,2,0.2215172721131058,0.7537201765621296,1
13,0.6779699911963917,3925,119,1,0.056162009903313104,0.25337939882933447,1
7,0.8894233060634948,3636,652,2,0.25563909379536154,0.895076559161845,1
35,0.6646705840904295,6168,1049,1,0.5275636489994199,0.5739291361229822,1
44,0.7365099816019318,3902,247,2,0.17159636706519,0.3507776230103121,1
41,0.36238710248121164,4799,1231,0,0.1674597445179885,0.8326937463494201,0
40,0.8286892943477655,2070,502,1,0.4625935471051531,0.4934067004133952,1
28,0.38939943854466436,5906,695,1,0.03326797116935842,0.9116329137084755,1
35,0.8782473411767697,6242,1606,0,0.12188808253227046,0.928014236729381,0
10,0.8474196613692702,2919,466,2,0.41586133940794756,0.16542015212840933,1
6,0.7961212884200835,9194,1957,1,0.06312990920796646,0.0023234061319302723,1
24,0.32531226636733346,464,1537,1,0.39675505645552933,0.9839309401424022,0
32,0.51218984916173,4358,1432,2,0.4740062659484451,0.9061375361274794,1
15,0.48417879893758997,3219,901,0,0.4512666140731144,0.05544523570384141,1
8,0.5520954852300634,1963,1017,2,0.8691748574030873,0.8330342639410699,1
19,0.36134992273468697,215,1958,2,0.5300624550517324,0.4578049325592066,1
10,0.9558704761217438,7184,1257,2,0.46798046247804337,0.2589616050249752,1
34,0.6876615684986633,8116,1842,1,0.4107092453916662,0.8787465236769298,1
42,0.5138670174606165,2484,1406,0,0.8176233783044862,0.19666723239030726,0
6,0.5778870619519983,4035,1901,0,0.8950566039998331,0.9472999994200669,0
19,0.6130417783533849,7842,172,2,0.8532424691971175,0.20562148769934108,1
15,0.7204160333524321,5542,580,1,0.6735465781313908,0.6136831877287435,1
12,0.6609755993875484,2590,1475,2,0.13736174596867423,0.22308633452897486,1
30,0.9435743812500921,7080,659,1,0.27686996949201226,0.5456686649686348,1
49,0.6478744380340811,9234,1449,1,0.046063063681977434,0.6839751299151413,1
48,0.9945106103763188,7761,844,1,0.9308240749901141,0.19022793082013756,1
9,0.895997470421567,1824,1566,1,0.6607985296909104,0.5208857827006792,0
10,0.44595736005013503,8282,199,0,0.7463628843132415,0.469059744390119,0
30,0.9514166502507413,2867,1182,1,0.31157173958222895,0.07103742140334124,1
8,0.3814564785198332,1237,607,1,0.8456535222773424,0.8183078176753029,0
23,0.872214795943834,4217,357,2,0.2596032837084785,0.3356824006428417,1
24,0.566436305433606,3520,512,2,0.0016437571124496841,0.5745821975518796,1
37,0.9145820243115486,5945,1575,0,0.37641496252069395,0.5147842349331344,0
24,0.9076396830752151,4878,1188,2,0.5707614809590734,0.5132605045704423,1
16,0.8641477800823347,4006,694,1,0.47870485796552253,0.10722239420848745,1
5,0.8530213054149429,3737,1277,2,0.862076142576597,0.42348200924933277,1
30,0.5132753973686286,3053,365,0,0.10540528595616694,0.4523667592065702,1
18,0.3566434981358765,6029,920,2,0.5538234406337256,0.7336428403644485,1
42,0.582086125135613,376,1202,2,0.5129793498209074,0.8400188319206985,1
41,0.42146716049055605,2099,1438,0,0.281392982172163,0.544982278100018,0
15,0.7864657622317232,1327,761,0,0.8222281125770106,0.08678295406499048,0
40,0.5422698085764499,6437,1046,1,0.7528486558822063,0.23684947059654626,1
17,0.9829271406019404,3835,659,2,0.732859187331831,0.16493402685273106,1
47,0.7486804541417323,795,1016,1,0.876192478269556,0.12461506318912474,0
7,0.8757363945440526,9601,990,2,0.7227846006215212,0.36589929861780757,1
37,0.39276727091929386,4252,1371,2,0.23184129171472645,0.22939350215438203,1
10,0.9034101375908357,8001,1913,1,0.7055627116496911,0.2183031118115123,1
14,0.9459300333593761,7570,967,2,0.30770281338984384,0.054693174576267656,1
9,0.6409433431732551,7637,709,2,0.24217465034747054,0.01767004479543388,1
27,0.7243770564256842,2941,513,2,0.07300359289962732,0.1027682426497818,1
14,0.8353668606320968,4308,124,0,0.7440285803476767,0.17219747942363306,1
48,0.42238703908228875,8833,383,1,0.7110009619498112,0.43098372884820313,1
6,0.6517962535244097,1188,1572,0,0.23449947767409374,0.5105202612988446,0
17,0.5790641194406192,3463,980,1,0.749379016724156,0.14059191817336558,1
44,0.40246179451357433,124,400,1,0.917840883093553,0.4247833415241863,0
6,0.557274095604072,9864,1191,2,0.10802895749157926,0.3417488423259273,1
24,0.3477206165698455,6244,1130,1,0.23263663838677495,0.18342364349795603,0
5,0.31806833486464087,5768,916,0,0.7502607940873155,0.006840748148363551,1
41,0.3946164024083759,4336,1260,0,0.27450667350707825,0.4670178665217417,0
13,0.9741805781124215,8168,1287,0,0.6246639742837168,0.6856517492651993,0
21,0.6846706751265119,2335,182,1,0.08116422446371452,0.22627733414380702,1
13,0.976075512807254,7395,1773,0,0.4522024791035387,0.13180682989667936,0
15,0.6027485148310924,8492,1543,1,0.7390914219929531,0.8870427444469619,0
19,0.5182712931596817,8548,1196,0,0.6865139430432525,0.2750247724877978,0
28,0.6542993039881708,3847,1360,0,0.8150721006758068,0.22361261979266478,1
42,0.6076581820430371,3275,145,1,0.8774521266031688,0.8570969396099158,1
39,0.37396527898322074,4997,717,0,0.7731835012587582,0.8171070991667613,0
34,0.7485784202831443,5137,1027,2,0.671587742938926,0.4483464705246336,1
35,0.4512267277567197,7527,1923,1,0.03172249181603115,0.4892388614277745,1
9,0.7337115684284807,8705,361,1,0.534966673409444,0.21774870483402198,1
48,0.7551407646787074,2114,275,1,0.03769772491485279,0.0783016704795575,1
18,0.40641739719005365,1481,1289,2,0.8080678171160226,0.5734318253556611,1
15,0.3429447389774677,1198,756,1,0.3207245244599576,0.09834492159021313,1
13,0.8465331102479079,3526,941,0,0.5624293741179209,0.4492745469566498,0
38,0.621860296638524,3755,469,0,0.2794453073189026,0.9404971985130107,0
16,0.34071465685383306,8038,1918,0,0.7825001443802936,0.9528343891705844,0
39,0.9964064220188369,9201,153,1,0.8865025266419025,0.2393322865473586,1
39,0.34044639269745663,287,789,0,0.39864249421306397,0.6241134200456544,0
5,0.7865246602009872,5509,1542,1,0.862922393510989,0.47407626410785764,1
44,0.9885752476843894,2192,1879,0,0.2670750074563324,0.875685127586106,0
26,0.4674260729511479,2230,1630,2,0.5346609230755238,0.27143086427605323,1
33,0.3995745580810373,5342,1464,2,0.858761429838704,0.003702406832416849,1
12,0.3849694575957002,8649,1250,2,0.3258813426157904,0.1625612059314151,1
15,0.5122926032973169,5747,1532,2,0.9540422650780858,0.34952280116939805,1
45,0.37073206770745265,5285,466,1,0.12187950178138363,0.3157211297704886,1
41,0.7845129391858923,5876,1394,0,0.018275069723506232,0.7913629191228859,0
18,0.3436042586910439,8013,743,2,0.9041353525781907,0.6805606661388378,1
34,0.6565954897048527,7647,1728,1,0.06864866614787224,0.29955631961489726,1
39,0.9976877976970837,7923,478,2,0.9918891959474917,0.4577438171662134,1
25,0.8697791886542132,7455,172,2,0.9513968619791061,0.09555910395833522,1
41,0.7306536067617075,6565,1014,1,0.13702091003632066,0.8981464448201008,1
9,0.5143775345506282,1597,1371,1,0.5375846256925658,0.9354248244485341,1
23,0.7367270854041469,2655,959,0,0.18492029746714433,0.9798035353809381,0
